<?xml version="1.0"?>
<!--
/****************************************************************************
**
** Copyright (C) 2016 The Qt Company Ltd.
** Contact: https://www.qt.io/licensing/
**
** This file is part of PySide2.
**
** $QT_BEGIN_LICENSE:LGPL$
** Commercial License Usage
** Licensees holding valid commercial Qt licenses may use this file in
** accordance with the commercial license agreement provided with the
** Software or, alternatively, in accordance with the terms contained in
** a written agreement between you and The Qt Company. For licensing terms
** and conditions see https://www.qt.io/terms-conditions. For further
** information use the contact form at https://www.qt.io/contact-us.
**
** GNU Lesser General Public License Usage
** Alternatively, this file may be used under the terms of the GNU Lesser
** General Public License version 3 as published by the Free Software
** Foundation and appearing in the file LICENSE.LGPL3 included in the
** packaging of this file. Please review the following information to
** ensure the GNU Lesser General Public License version 3 requirements
** will be met: https://www.gnu.org/licenses/lgpl-3.0.html.
**
** GNU General Public License Usage
** Alternatively, this file may be used under the terms of the GNU
** General Public License version 2.0 or (at your option) the GNU General
** Public license version 3 or any later version approved by the KDE Free
** Qt Foundation. The licenses are as published by the Free Software
** Foundation and appearing in the file LICENSE.GPL2 and LICENSE.GPL3
** included in the packaging of this file. Please review the following
** information to ensure the GNU General Public License requirements will
** be met: https://www.gnu.org/licenses/gpl-2.0.html and
** https://www.gnu.org/licenses/gpl-3.0.html.
**
** $QT_END_LICENSE$
**
****************************************************************************/
-->
<typesystem package="PySide2.QtWebSockets">
  <load-typesystem name="typesystem_core.xml" generate="no"/>
  <load-typesystem name="typesystem_network.xml" generate="no"/>

  <object-type name="QMaskGenerator" />

  <object-type name="QWebSocket">
    <extra-includes>
      <include file-name="QTcpSocket" location="global"/>
    </extra-includes>
  </object-type>

  <object-type name="QWebSocketCorsAuthenticator" />

  <namespace-type name="QWebSocketProtocol">
    <enum-type name="Version"/>
    <enum-type name="CloseCode"/>
  </namespace-type>

  <object-type name="QWebSocketServer">
    <enum-type name="SslMode" />
    <extra-includes>
      <include file-name="QWebSocketCorsAuthenticator" location="global" />
    </extra-includes>
  </object-type>

  <!-- TODO: Gracefully handle the lack of SSL support -->
  <rejection class="QWebSocket" function-name="ignoreSslErrors" />
  <rejection class="QWebSocket" function-name="setSslConfiguration" />
  <rejection class="QWebSocket" function-name="sslConfiguration" />
  <rejection class="QWebSocket" function-name="ignoreSslErrors" />
  <rejection class="QWebSocket" function-name="sslErrors" />
  <rejection class="QWebSocketServer" function-name="setSslConfiguration" />
  <rejection class="QWebSocketServer" function-name="sslConfiguration" />
  <rejection class="QWebSocketServer" function-name="peerVerifyError" />
  <rejection class="QWebSocketServer" function-name="sslErrors" />
</typesystem>
