<?xml version="1.0"?>
<!--
/****************************************************************************
**
** Copyright (C) 2016 The Qt Company Ltd.
** Contact: https://www.qt.io/licensing/
**
** This file is part of PySide2.
**
** $QT_BEGIN_LICENSE:LGPL$
** Commercial License Usage
** Licensees holding valid commercial Qt licenses may use this file in
** accordance with the commercial license agreement provided with the
** Software or, alternatively, in accordance with the terms contained in
** a written agreement between you and The Qt Company. For licensing terms
** and conditions see https://www.qt.io/terms-conditions. For further
** information use the contact form at https://www.qt.io/contact-us.
**
** GNU Lesser General Public License Usage
** Alternatively, this file may be used under the terms of the GNU Lesser
** General Public License version 3 as published by the Free Software
** Foundation and appearing in the file LICENSE.LGPL3 included in the
** packaging of this file. Please review the following information to
** ensure the GNU Lesser General Public License version 3 requirements
** will be met: https://www.gnu.org/licenses/lgpl-3.0.html.
**
** GNU General Public License Usage
** Alternatively, this file may be used under the terms of the GNU
** General Public License version 2.0 or (at your option) the GNU General
** Public license version 3 or any later version approved by the KDE Free
** Qt Foundation. The licenses are as published by the Free Software
** Foundation and appearing in the file LICENSE.GPL2 and LICENSE.GPL3
** included in the packaging of this file. Please review the following
** information to ensure the GNU General Public License requirements will
** be met: https://www.gnu.org/licenses/gpl-2.0.html and
** https://www.gnu.org/licenses/gpl-3.0.html.
**
** $QT_END_LICENSE$
**
****************************************************************************/
-->
<typesystem package="PySide2.QtXmlPatterns">
    <load-typesystem name="typesystem_core.xml" generate="no"/>

    <object-type name="QXmlSchema" since="4.6" /> <!-- Qt scoped pointer does not allow declare this as value type -->
    <object-type name="QXmlSchemaValidator" since="4.6">
      <modify-function signature="schema() const">
        <modify-argument index="return">
          <replace-type modified-type="QXmlSchema*"/>
          <define-ownership owner="target"/>
        </modify-argument>
        <inject-code>
          QXmlSchema* %0 = new QXmlSchema(%CPPSELF.schema());
          %PYARG_0 = %CONVERTTOPYTHON[QXmlSchema*](%0);
        </inject-code>
      </modify-function>
    </object-type>
    <object-type name="QAbstractMessageHandler" />
    <object-type name="QAbstractUriResolver" />
    <object-type name="QAbstractXmlNodeModel">
        <enum-type name="NodeCopySetting" />
        <enum-type name="SimpleAxis" />
    </object-type>
    <object-type name="QAbstractXmlReceiver" />
    <value-type name="QSourceLocation" />
    <object-type name="QXmlFormatter" />
    <value-type name="QXmlItem" />
    <value-type name="QXmlName">
        <primitive-type name="NamespaceCode"/>
        <primitive-type name="PrefixCode"/>
        <primitive-type name="LocalNameCode"/>
        <!-- ### These methods aren't part of Qt public API -->
        <modify-function signature="QXmlName(QXmlName::NamespaceCode, QXmlName::LocalNameCode, QXmlName::PrefixCode)" remove="all"/>
        <modify-function signature="setNamespaceURI(QXmlName::NamespaceCode)" remove="all" />
        <modify-function signature="localName()const" remove="all" />
        <modify-function signature="prefix()const" remove="all" />
        <modify-function signature="hasPrefix()const" remove="all" />
        <modify-function signature="hasNamespace()const" remove="all" />
        <modify-function signature="namespaceURI()const" remove="all" />
        <modify-function signature="isLexicallyEqual(const QXmlName&amp;)const" remove="all" />
        <modify-function signature="setPrefix(QXmlName::PrefixCode)" remove="all" />
        <modify-function signature="setLocalName(QXmlName::LocalNameCode)" remove="all" />
        <modify-function signature="code()const" remove="all" />
        <!-- ### -->
    </value-type>
    <value-type name="QXmlNamePool" />

    <rejection class="QXmlNodeModelIndex" function-name="type" />
    <rejection class="QXmlNodeModelIndex" function-name="sequencedTypedValue" />
    <rejection class="QXmlNodeModelIndex" function-name="iterate" />
    <!-- ### This enum isn't part of Qt public API -->
    <suppress-warning text="enum 'QXmlNodeModelIndex::Axis' does not have a type entry or is not an enum"/>
    <value-type name="QXmlNodeModelIndex">
        <enum-type name="DocumentOrder" />
        <enum-type name="NodeKind" />
        <!-- ### Qt internal methods -->
        <modify-function signature="name()const" remove="all" />
        <modify-function signature="root()const" remove="all" />
        <modify-function signature="documentUri()const" remove="all" />
        <modify-function signature="baseUri()const" remove="all" />
        <modify-function signature="kind()const" remove="all" />
        <modify-function signature="isDeepEqual(const QXmlNodeModelIndex&amp;)const" remove="all" />
        <modify-function signature="compareOrder(const QXmlNodeModelIndex &amp;)const" remove="all" />
        <modify-function signature="sendNamespaces(QAbstractXmlReceiver *)const" remove="all" />
        <modify-function signature="namespaceBindings()const" remove="all" />
        <modify-function signature="namespaceForPrefix(QXmlName::PrefixCode)const" remove="all" />
        <modify-function signature="stringValue()const" remove="all" />
        <modify-function signature="is(const QXmlNodeModelIndex &amp;)const" remove="all" />
        <modify-function signature="reset()" remove="all" />
        <!-- ### -->
    </value-type>

    <value-type name="QXmlQuery">
        <!-- ### TODO: must evaluate if anything other than removal is needed. -->
        <enum-type name="QueryLanguage" />
        <modify-function signature="evaluateTo(QStringList*)const" remove="all" />
        <modify-function signature="evaluateTo(QString*)const" remove="all" />
        <!-- ### -->
    </value-type>
    <object-type name="QXmlResultItems" />
    <object-type name="QXmlSerializer" />

    <suppress-warning text="class 'QAbstractXmlNodeModel' inherits from unknown base class 'QSharedData'"/>
    <suppress-warning text="class not found for setup inheritance 'QSharedData'"/>
</typesystem>
